<?xml version="1.0" encoding="UTF-8"?>
<OpenSearchDescription xmlns="http://a9.com/-/spec/opensearch/1.1/">
    <ShortName>searx.me</ShortName>
    <Description>a privacy-respecting, hackable metasearch engine</Description>
    <Url method="post" type="text/html" template="https://searx.me/" xmlns:p="http://a9.com/-/spec/opensearch/extensions/parameters/1.0/">
        <p:Parameter name="q" value="{searchTerms}"/>
        <Image>https://searx.me/static/themes/oscar/img/favicon.png</Image>
    </Url>
</OpenSearchDescription>
