<?xml version="1.0" encoding="UTF-8"?>
<OpenSearchDescription xmlns="http://a9.com/-/spec/opensearch/1.1/">
    <ShortName>StartPage - Deutsch</ShortName>
    <Description>StartPage Search</Description>
    <Url method="get" type="text/html" template="https://www.startpage.com/do/dsearch?query={searchTerms}&amp;cat=web&amp;pl=opensearch&amp;language=deutsch"/>
    <Url method="get" type="application/x-suggestions+json" template="https://www.startpage.com/cgi-bin/csuggest?query={searchTerms}&amp;limit=10&amp;lang=deutsch&amp;format=json"/>
    <Image>https://www.startpage.com/graphics/favicon/sp-favicon-16x16.png</Image>
</OpenSearchDescription>
